Stacy,Stacy_Thorpe1574@sveldo.biz
Sonya,Sonya_Bayliss449@joiniaa.com
Allison,Allison_Jarrett6412@twace.org
Kieth,Kieth_Snow5504@grannar.com
Dalia,Dalia_Bolton6538@acrit.org
Kate,Kate_Rosenbloom1421@ubusive.com
Megan,Megan_Cassidy8432@sheye.org
Denny,Denny_Norris1336@zorer.org
Michelle,Michelle_Greenwood4237@zorer.org
Logan,Logan_Robinson6346@guentu.biz
Hanna,Hanna_Mcguire9840@gmail.com
Ramon,Ramon_Funnell8161@joiniaa.com
Caydence,Caydence_Nash7226@mafthy.com
Aiden,Aiden_Wright8757@cispeto.com
Tony,Tony_Dowson6735@nimogy.biz
Ivy,Ivy_Faulkner7897@iatim.tech
Isabel,Isabel_Kelly2488@sheye.org
Ethan,Ethan_Nielson4639@bauros.biz
Tess,Tess_Farmer7231@twipet.com
Greta,Greta_Walker8410@womeona.net
Chris,Chris_Ramsey1300@ubusive.com
Liliana,Liliana_Warner3013@bauros.biz
Rita,Rita_Reid1962@twipet.com
Mandy,Mandy_Holt9530@irrepsy.com
Rufus,Rufus_Griffiths1339@zorer.org
Barney,Barney_Gray3766@corti.com
Boris,Boris_Quinnell2668@supunk.biz
Matthew,Matthew_Gallacher9208@acrit.org
Remy,Remy_Rixon7159@supunk.biz
Alexander,Alexander_Thatcher4243@atink.com
Anabelle,Anabelle_Mcgee3680@acrit.org
Alexander,Alexander_Styles2643@irrepsy.com
Sebastian,Sebastian_Bennett8089@dionrab.com
Leilani,Leilani_Evans8040@nickia.com
Nicole,Nicole_Martin6020@infotech44.tech
Erick,Erick_Callan7425@ubusive.com
Sebastian,Sebastian_Miller2187@famism.biz
Joseph,Joseph_Lane9125@nickia.com
Shay,Shay_Butler4581@yahoo.com
Emerald,Emerald_Eyres6508@sheye.org
Megan,Megan_Farmer7552@sheye.org
Zara,Zara_Franks3918@infotech44.tech
Bethany,Bethany_Calderwood9267@elnee.tech
Mark,Mark_Wise7685@yahoo.com
Taylor,Taylor_Phillips1394@zorer.org
Lucas,Lucas_Brooks5773@deavo.com
Carter,Carter_Attwood9640@guentu.biz
Rihanna,Rihanna_Harrison4577@womeona.net
Jacob,Jacob_Walsh9467@bauros.biz
Florence,Florence_Cadman242@ovock.tech